<?xml version="1.0" encoding="UTF-8" ?>
<!DOCTYPE mapper
        PUBLIC "-//mybatis.org//DTD Mapper 3.0//EN"
        "http://mybatis.org/dtd/mybatis-3-mapper.dtd">
<mapper namespace="com.bdqn.ebuy.dao.product.ProductMapper">
    <select id="findProductByTypeID" parameterType="Product" resultType="Product">
        SELECT *
        FROM easybuy_product p
        <where>
            <if test="product.categoryLevel1Id !=null">
                and categoryLevel1Id = #{product.categoryLevel1Id}
            </if>
            <if test="product.categoryLevel2Id !=null">
                and categoryLevel2Id = #{product.categoryLevel2Id}
            </if>
            <if test="product.categoryLevel3Id !=null">
                and categoryLevel3Id = #{product.categoryLevel3Id}
            </if>
        </where>

    </select>
    <select id="findProductByID" parameterType="integer" resultType="Product">
        select * FROM  easybuy_product where id = #{id}
    </select>
    <select id="queryProductBycategoryLevel1Id" parameterType="Integer" resultType="Product">
        SELECT `name`,`price`,`fileName` FROM `easybuy_product` WHERE `categoryLevel1Id`=#{categoryLevel1Id}
    </select>
</mapper>